Fornavn,Etternavn,Email,Avdeling,Stilling,Lokasjon,Telefon
Ola,Nordmann,ola.nordmann@bedrift.no,IT,Systemadministrator,Oslo,91234567
Kari,Hansen,kari.hansen@bedrift.no,HR,HR-sjef,Bergen,92345678
Per,Olsen,per.olsen@bedrift.no,Salg,Selger,Trondheim,93456789
Anne,Larsen,anne.larsen@bedrift.no,Økonomi,Regnskapsfører,Oslo,94567890
Erik,Johansen,erik.johansen@bedrift.no,IT,Utvikler,Oslo,95678901
Lisa,Berg,lisa.berg@bedrift.no,Marked,Markedssjef,Bergen,96789012
Anders,Nilsen,anders.nilsen@bedrift.no,Salg,Salgssjef,Stavanger,97890123
Marie,Pedersen,marie.pedersen@bedrift.no,HR,HR-konsulent,Oslo,98901234
